	RMSE	R2
nutrition_score_fr_100g	9.005227042342025	0.6943518477657167
carbohydrates_100g	9.334813705048811	0.8806000138904018
fat_100g	4.675611141251083	0.9013373683848691
energy_100g	11.598465269966537	0.6836886484504399
sugars_100g	8.175618277393891	0.7128438234026698
saturated_fat_100g	4.340927065859847	0.6114320729299774
sodium_100g	0.7228122304589853	0.7489995508327658
fiber_100g	2.3783378175452294	0.6297141947473337
proteins_100g	4.783780418758428	0.34098078926277
