	RMSE	R2
nutrition_score_fr_100g	11.841713378528423	0.47147987256992785
carbohydrates_100g	16.164866768532047	0.6419553201735875
fat_100g	7.2459333195390565	0.7630457013292509
energy_100g	15.587165073566378	0.4287213489512852
sugars_100g	12.909037390640028	0.28407971518306785
saturated_fat_100g	5.227663799125947	0.4364697011936519
sodium_100g	1.4375944359936788	0.007121103073020496
fiber_100g	3.4939719148790407	0.20084908655132083
proteins_100g	5.519667136260399	0.12263283360876831
