	RMSE	R2
nutrition_score_fr_100g	9.794613590980088	0.6384177895185159
carbohydrates_100g	12.67516265979771	0.7798594492775992
fat_100g	8.062902563098719	0.7066009193714426
energy_100g	16.901984069089316	0.32827872893373955
sugars_100g	11.40830922929015	0.4408613424921046
saturated_fat_100g	4.426551512719597	0.5959519478785635
sodium_100g	1.1965277545368882	0.31218907858740574
fiber_100g	2.8420226737002814	0.4712564804453542
proteins_100g	5.797647026801435	0.032036139076063175
